api-abbyy-1,192.167.1.41
api-abbyy-2,192.167.1.36
api-abbyy-lb-1,192.167.1.40
api-api-1,192.167.1.50
api-backend-1,192.167.1.55
api-backend-lb-1,192.167.1.58
api-bam-1,192.167.1.57
api-bankinter-adapter-1,192.167.1.51
api-bankinter-backend-1,10.37.1.90
api-bankinter-backend-2,10.37.1.91
api-bankinter-backend-lb-1,10.37.1.89
api-bankinter-http-1,192.167.1.18
api-callback-1,192.167.1.52
api-cicd-1,192.167.1.46
api-coturn-1,192.167.1.4
api-database-1,192.167.1.66
api-elk-1,192.167.1.9
api-elk-2,192.167.1.56
api-http-1,192.167.1.2
api-moi-1,192.167.1.19
api-multipdf-1,192.167.1.37
api-multipdf-lb-1,192.167.1.39
api-ocr-1,192.167.1.44
api-ocr-2,192.167.1.3
api-ocr-3,192.167.1.35
api-sealed-1,192.167.1.53
api-webrtc-1,192.167.1.11
dev-api-1,192.168.9.6
dev-bam-1,192.168.9.5
dev-coturn-1,192.168.9.4
dev-dns-1,192.168.9.9
dev-http-1,192.168.9.2
dev-scaar-1,192.167.1.34
dev-services-1,192.168.9.8
dev-services-2,192.168.9.10
dev-storage-1,192.168.9.3
dev-webrtc-1,192.168.9.7
lab-centos-1,10.37.1.205
lab-master-1,192.167.1.61
lab-node-1,192.167.1.62
lab-node-2,192.167.1.59
mgt-database-1,10.37.1.114
mgt-duo-1,10.37.1.77
mgt-monitor-1,10.37.1.208
mgt-radius-1,10.37.1.76
mgt-vfunction-1,10.37.1.212
pro-abis-1,10.37.1.209
pro-antispoof-1,10.37.1.99
pro-antispoof-lb-1,10.37.1.110
pro-api-1,10.37.1.68
pro-backend-1,10.37.1.82
pro-backend-2,10.37.1.87
pro-backend-3,10.37.1.88
pro-backend-4,10.37.1.92
pro-backend-5,10.37.1.93
pro-backend-6,10.37.1.94
pro-backend-7,10.37.1.206
pro-backend-lb-1,10.37.1.85
pro-bam-1,10.37.1.103
pro-callback-1,10.37.1.69
pro-callback-aena-1,10.37.1.5
pro-configurator-1,10.37.1.98
pro-database-1,10.37.1.115
pro-dns-1,10.1.1.15
pro-dns-2,10.1.1.29
pro-http-1,10.37.1.67
pro-innovatrix-1,10.37.1.108
pro-innovatrix-2,10.37.1.194
pro-innovatrix-lb-1,10.37.1.198
pro-jump-linux-1,192.167.1.13
pro-jump-windows-1,10.37.1.200
pro-kurento-2,192.167.1.168
pro-kurento-3,192.167.1.169
pro-legacy-1,10.37.1.101
pro-legacy-2,10.37.1.100
pro-legacy-lb-1,10.37.1.207
pro-monitor-1,192.167.1.6
pro-openvidu-1,192.167.1.166
pro-regula-1,10.37.1.210
pro-regula-2,10.37.1.211
pro-regula-lb-1,10.37.1.105
pro-repository-1,10.37.1.197
pro-scheduler-1,10.37.1.102
pro-sealed-1,10.37.1.116
pro-services-1,192.167.1.162
pro-services-2,192.167.1.163
pro-services-3,192.167.1.164
pro-services-4,192.167.1.165
pro-storage-1,10.37.1.83
pro-storage-2,10.37.1.84
pro-storage-lb-1,10.37.1.86
pro-vapi-1,10.37.1.217
pro-vapi-2,10.37.1.219
pro-vapi-3,10.37.1.204
pro-vapi-lb-1,10.37.1.215
pro-vga-1,10.37.1.218
pro-vga-2,10.37.1.220
pro-vga-lb-1,10.37.1.216
pro-webrtc-1,10.37.1.3